﻿<?xml version="1.0" standalone="yes" ?>
<StockData>
	<Issue>
		<Symbol>MSFT</Symbol>
		<Bid>50.76</Bid>
		<Offer>50.80</Offer>
		<Volume>1200000</Volume>
	</Issue>
	<Issue>
		<Symbol>ORCL</Symbol>
		<Bid>11.31</Bid>
		<Offer>11.35</Offer>
		<Volume>800000</Volume>
	</Issue>
	<Issue>
		<Symbol>CSCO</Symbol>
		<Bid>12.88</Bid>
		<Offer>12.90</Offer>
		<Volume>760000</Volume>
	</Issue>
	<Issue>
		<Symbol>LU</Symbol>
		<Bid>5.75</Bid>
		<Offer>5.78</Offer>
		<Volume>780000</Volume>
	</Issue>
	<Issue>
		<Symbol>DELL</Symbol>
		<Bid>17.48</Bid>
		<Offer>17.50</Offer>
		<Volume>560000</Volume>
	</Issue>
	<Issue>
		<Symbol>CPQ</Symbol>
		<Bid>7.85</Bid>
		<Offer>7.89</Offer>
		<Volume>320000</Volume>
	</Issue>
	<Issue>
		<Symbol>DIS</Symbol>
		<Bid>16.98</Bid>
		<Offer>17.00</Offer>
		<Volume>930000</Volume>
	</Issue>
	<Issue>
		<Symbol>GE</Symbol>
		<Bid>30.37</Bid>
		<Offer>30.40</Offer>
		<Volume>750000</Volume>
	</Issue>
	<Issue>
		<Symbol>AOL</Symbol>
		<Bid>29.25</Bid>
		<Offer>29.30</Offer>
		<Volume>230000</Volume>
	</Issue>
	<Issue>
		<Symbol>INTC</Symbol>
		<Bid>20.67</Bid>
		<Offer>20.70</Offer>
		<Volume>240000</Volume>
	</Issue>
	<Issue>
		<Symbol>SUNW</Symbol>
		<Bid>8.47</Bid>
		<Offer>8.50</Offer>
		<Volume>8300000</Volume>
	</Issue>
	<Issue>
		<Symbol>WCOM</Symbol>
		<Bid>12.30</Bid>
		<Offer>12.35</Offer>
		<Volume>340000</Volume>
	</Issue>
	<Issue>
		<Symbol>DELL</Symbol>
		<Bid>16.67</Bid>
		<Offer>16.71</Offer>
		<Volume>620000</Volume>
	</Issue>
	<Issue>
		<Symbol>MSFT</Symbol>
		<Bid>49.78</Bid>
		<Offer>49.80</Offer>
		<Volume>920000</Volume>
	</Issue>
	<Issue>
		<Symbol>CSCO</Symbol>
		<Bid>12.39</Bid>
		<Offer>12.40</Offer>
		<Volume>1300000</Volume>
	</Issue>
	<Issue>
		<Symbol>LU</Symbol>
		<Bid>5.25</Bid>
		<Offer>5.28</Offer>
		<Volume>360000</Volume>
	</Issue>
	<Issue>
		<Symbol>ORCL</Symbol>
		<Bid>10.74</Bid>
		<Offer>10.80</Offer>
		<Volume>793700</Volume>
	</Issue>
	<Issue>
		<Symbol>AOL</Symbol>
		<Bid>29.85</Bid>
		<Offer>29.90</Offer>
		<Volume>370000</Volume>
	</Issue>
	<Issue>
		<Symbol>GE</Symbol>
		<Bid>31.30</Bid>
		<Offer>31.35</Offer>
		<Volume>850000</Volume>
	</Issue>
	<Issue>
		<Symbol>INTC</Symbol>
		<Bid>19.19</Bid>
		<Offer>19.22</Offer>
		<Volume>1150000</Volume>
	</Issue>
	<Issue>
		<Symbol>SUNW</Symbol>
		<Bid>8.00</Bid>
		<Offer>8.03</Offer>
		<Volume>950000</Volume>
	</Issue>
	<Issue>
		<Symbol>CPQ</Symbol>
		<Bid>7.26</Bid>
		<Offer>7.29</Offer>
		<Volume>260000</Volume>
	</Issue>
	<Issue>
		<Symbol>DIS</Symbol>
		<Bid>17.87</Bid>
		<Offer>17.90</Offer>
		<Volume>430000</Volume>
	</Issue>
	<Issue>
		<Symbol>WCOM</Symbol>
		<Bid>12.45</Bid>
		<Offer>12.50</Offer>
		<Volume>458700</Volume>
	</Issue>
</StockData>
